trct,access_total,access_low,access_med,access_high,cutoff,totjobs,lowjobs,medjobs,highjobs,workers_all,workers_low,workers_med,workers_high
48453001912,7114,803,878,5433,45,7114,803,878,5433,1476,166.60500421703682,182.16587011526568,1127.2291256676974
48453001915,13952,1457,2455,10040,45,9091,843,1150,7098,1802,167.0977890221098,227.95072049279509,1406.9514904850953
48453002434,519,91,176,252,45,519,91,176,252,892,156.40077071290943,302.48940269749517,433.10982658959534
48453002211,569,65,168,336,45,569,65,168,336,1419,162.1001757469244,418.9666080843585,837.933216168717
48453002500,4036,872,1016,2148,45,4036,872,1016,2148,2785,601.7145688800794,701.0802775024778,1482.2051536174429
48453002436,1212,150,309,753,45,1212,150,309,753,1212,150,309,753
48453002432,2304,214,504,1586,45,2304,214,504,1586,2086,193.75173611111111,456.3125,1435.935763888889
48453002112,1492,323,485,684,45,586,63,186,337,2093,225.01535836177476,664.3310580204778,1203.6535836177475
48453002113,746,111,239,396,45,160,48,53,59,1890,567,626.0625,696.9375
48453002201,1723,146,493,1084,45,1723,146,493,1084,1057,89.56587347649449,302.43818920487524,664.9959373186302
48453980000,2674,833,674,1167,45,2674,833,674,1167,73,22.74083769633508,18.400149588631265,31.859012715033657
48453002304,2190,765,849,576,45,1332,443,539,350,2489,827.7980480480481,1007.1854354354355,654.0165165165166
48453002314,1052,118,138,796,45,912,38,104,770,2913,121.375,332.1842105263158,2459.440789473684
48453002316,6359,1042,1620,3697,45,483,154,189,140,1869,595.9130434782609,731.3478260869565,541.7391304347826
48453002403,2847,526,875,1446,45,2847,526,875,1446,1379,254.77836318932208,423.82332279592555,700.3983140147524
48453002409,2144,566,789,789,45,602,87,175,340,1781,257.3870431893688,517.732558139535,1005.8803986710964
48453002410,2144,566,789,789,45,545,153,213,179,1722,483.4238532110092,673.0018348623854,565.5743119266056
48453002411,11043,1352,2055,7636,45,10692,1279,1973,7440,2113,252.7615974560419,389.91292555181445,1470.3254769921439
48453002412,632,263,249,120,45,19,3,11,5,2294,362.2105263157895,1328.1052631578948,603.6842105263157
48453002413,11062,1355,2066,7641,45,351,73,82,196,1401,291.37606837606836,327.29914529914527,782.3247863247863
48453002419,632,263,249,120,45,613,260,238,115,1929,818.1729200652528,748.9429037520391,361.884176182708
48453002422,2309,460,748,1101,45,2309,460,748,1101,2931,583.9151147682979,949.4967518406237,1397.5881333910784
48453002423,225,74,71,80,45,225,74,71,80,3119,1025.8044444444445,984.2177777777777,1108.9777777777779
48453002424,772,179,226,367,45,772,179,226,367,1723,399.5038860103627,504.40155440414503,819.0945595854922
48453002310,1248,260,397,591,45,1248,260,397,591,984,205,313.0192307692308,465.9807692307692
48453040700,7254,1828,2310,3116,45,3573,667,1056,1850,2186,408.0778057654632,646.0722082283795,1131.8499860061572
48453041900,2331,428,611,1292,45,778,136,274,368,1659,290.0051413881748,584.2750642673521,784.719794344473
48453041100,402,91,169,142,45,402,91,169,142,995,225.2363184079602,418.29601990049747,351.4676616915423
48453036700,533,141,142,250,45,533,141,142,250,3418,904.1988742964353,910.6116322701689,1603.189493433396
48453044000,8168,1188,1747,5233,45,3845,423,533,2889,1580,173.82054616384914,219.02210663198957,1187.1573472041614
48453043700,3909,438,547,2924,45,64,15,14,35,976,228.75,213.5,533.75
48453036800,682,198,118,366,45,682,198,118,366,1972,572.516129032258,341.19648093841647,1058.2873900293255
48453041500,625,70,132,423,45,625,70,132,423,1222,136.864,258.0864,827.0495999999999
48453002213,303,23,131,149,45,303,23,131,149,1913,145.21122112211222,827.072607260726,940.7161716171618
48453002447,3493,498,1221,1774,45,3493,498,1221,1774,1535,218.84626395648442,536.5688519896936,779.584884053822
48453041000,3493,1054,1234,1205,45,2076,736,750,590,2331,826.4046242774567,842.1242774566474,662.4710982658959
48453001312,16402,3401,3115,9886,45,4372,1424,1183,1765,2130,693.7602927721866,576.347209515096,859.8924977127174
48453044400,5566,530,1550,3486,45,159,41,67,51,3028,780.8050314465409,1275.9496855345913,971.2452830188679
48453047000,938,314,333,291,45,938,314,333,291,977,327.0554371002132,346.8454157782516,303.09914712153517
48453044900,4762,274,506,3982,45,4762,274,506,3982,3340,192.1797564048719,354.90130197396053,2792.9189416211675
48453002453,2866,251,865,1750,45,2866,251,865,1750,2573,225.33949755757155,776.5683879972086,1571.0921144452197
48453041600,1391,247,463,681,45,1391,247,463,681,2740,486.5420560747663,912.020129403307,1341.4378145219266
48453035200,343,76,113,154,45,343,76,113,154,1711,379.1137026239067,563.6822157434402,768.204081632653
48453040000,5870,1756,1911,2203,45,4824,1583,1548,1693,2599,852.8642205638474,834.0074626865671,912.1283167495855
48453036400,675,119,166,390,45,675,119,166,390,1072,188.9896296296296,263.63259259259263,619.3777777777777
48453034500,126,16,11,99,45,126,16,11,99,1107,140.57142857142856,96.64285714285714,869.7857142857142
48453032400,6868,1739,1597,3532,45,6868,1739,1597,3532,1084,274.472335468841,252.05998835177635,557.4676761793826
48453033800,620,129,215,276,45,324,59,117,148,2154,392.24074074074076,777.8333333333334,983.9259259259259
48453030100,4427,462,495,3470,45,4427,462,495,3470,1765,184.19471425344477,197.35147955726225,1383.453806189293
48453030800,11346,2160,1633,7553,45,11346,2160,1633,7553,2254,429.1062929666843,324.41230389564606,1500.4814031376695
48453035300,587,134,202,251,45,587,134,202,251,866,197.68994889267464,298.01022146507665,370.2998296422487
48453031600,14471,359,1474,12638,45,14471,359,1474,12638,1135,28.157349181120864,115.60984037039597,991.2328104484831
48453032500,10032,1021,2193,6818,45,10032,1021,2193,6818,2507,255.14822567783096,548.0313995215311,1703.8203748006379
48453045600,3257,252,922,2083,45,3257,252,922,2083,2945,227.8599938593798,833.6782315013817,1883.4617746392385
48453043000,4047,440,736,2871,45,4047,440,736,2871,2213,240.60291574005436,402.46305905609097,1569.9340252038546
48453034200,5398,280,969,4149,45,5398,280,969,4149,2909,150.89292330492776,522.1972952945536,2235.9097814005186
48453041300,2340,294,560,1486,45,919,140,212,567,2071,315.4951033732318,477.74972796517955,1277.7551686615886
48453042000,755,100,143,512,45,755,100,143,512,1260,166.88741721854305,238.64900662251654,854.4635761589404
48453045100,1120,172,371,577,45,1120,172,371,577,1541,236.65357142857144,510.45624999999995,793.8901785714285
48453041400,2340,294,560,1486,45,1421,154,348,919,1511,163.7536945812808,370.0408163265306,977.2054890921886
48453032100,4268,1663,1549,1056,45,4268,1663,1549,1056,2834,1104.250702905342,1028.553420805998,701.1958762886599
48453043100,2142,515,825,802,45,414,153,155,106,941,347.7608695652174,352.30676328502415,240.93236714975848
48453042500,162,34,40,88,45,162,34,40,88,3649,765.8395061728395,900.9876543209876,1982.1728395061727
48453046400,1821,262,513,1046,45,1821,262,513,1046,1955,281.279516749039,550.7495881383855,1122.9708951125756
48453040200,5083,1135,1795,2153,45,911,327,299,285,1080,387.66190998902306,354.46761800219537,337.8704720087816
48453033900,807,165,227,415,45,807,165,227,415,2368,484.1635687732342,666.0916976456009,1217.7447335811648
48453045200,2269,676,850,743,45,172,51,61,60,2303,682.8662790697675,816.7616279069767,803.3720930232558
48453035400,951,193,229,529,45,951,193,229,529,1961,397.9737118822292,472.20715036803364,1090.8191377497371
48453042200,4909,853,1551,2505,45,4909,853,1551,2505,2130,370.1140761865961,672.9741291505399,1086.9117946628642
48453030000,3263,627,733,1903,45,1927,284,358,1285,2115,311.7073170731707,392.9268292682927,1410.3658536585365
48453043800,124,51,52,21,45,124,51,52,21,1686,693.4354838709678,707.0322580645161,285.5322580645161
48453030500,3294,331,350,2613,45,3294,331,350,2613,3035,304.9741955069824,322.4802671523983,2407.5455373406194
48453032800,931,73,158,700,45,931,73,158,700,1012,79.35123523093448,171.74650912996776,760.9022556390977
48453046200,756,118,254,384,45,677,105,214,358,3708,575.096011816839,1172.1004431314625,1960.8035450516986
48453046000,648,104,208,336,45,648,104,208,336,2173,348.75308641975306,697.5061728395061,1126.7407407407406
48453042800,2122,467,803,852,45,863,159,281,423,3073,566.1726535341832,1000.5944380069525,1506.2329084588646
48453001311,42201,7133,6693,28375,45,4630,607,675,3348,925,121.26889848812094,134.85421166306696,668.8768898488121
48453046300,2122,467,803,852,45,1259,308,522,429,1168,285.7378872120731,484.2700555996823,397.99205718824464
48453002449,717,70,194,453,45,717,70,194,453,2789,272.28730822873086,754.6248256624825,1762.0878661087868
48453035800,3390,1204,866,1320,45,3390,1204,866,1320,2248,798.4047197640118,574.2678466076695,875.3274336283185
48453042300,3642,1128,1154,1360,45,235,53,58,124,1821,410.69361702127657,449.4382978723404,960.868085106383
48453045700,7807,1183,1938,4686,45,3898,557,802,2539,1772,253.207798871216,364.5828630066701,1154.2093381221139
48453045500,311,77,77,157,45,76,24,19,33,1467,463.2631578947368,366.75,636.9868421052632
48453042900,3566,1104,1135,1327,45,3331,1051,1077,1203,1637,516.5076553587511,529.2851996397478,591.207145001501
48453031300,546,207,154,185,45,546,207,154,185,2382,903.065934065934,671.8461538461538,807.0879120879122
48453031900,1400,438,507,455,45,1092,325,397,370,3168,942.8571428571429,1151.7362637362637,1073.4065934065934
48453044600,474,85,131,258,45,113,43,41,29,2584,983.29203539823,937.5575221238938,663.1504424778761
48453046500,3909,626,1136,2147,45,3909,626,1136,2147,1787,286.1760040931184,519.3225888974162,981.5014070094653
48453044100,1464,447,584,433,45,635,163,256,216,2084,534.948031496063,840.1637795275591,708.8881889763779
48453046800,154,41,41,72,45,154,41,41,72,5326,1417.9610389610389,1417.9610389610389,2490.077922077922
48453042700,756,118,254,384,45,79,13,40,26,2401,395.1012658227848,1215.6962025316457,790.2025316455696
48453002439,36,12,11,13,45,36,12,11,13,1632,544,498.6666666666667,589.3333333333334
48453042100,2269,676,850,743,45,2097,625,789,683,2544,758.2260371959942,957.1845493562232,828.5894134477826
48453044500,5566,530,1550,3486,45,5407,489,1483,3435,1617,146.23876456445348,443.50120214536713,1027.2600332901793
48453043900,8104,1173,1733,5198,45,4259,750,1200,2309,3909,688.3658135712608,1101.3853017140173,2119.248884714722
48453033500,955,423,288,244,45,437,128,165,144,2810,823.0663615560641,1060.9839816933638,925.9496567505721
48453002440,125,41,43,41,45,125,41,43,41,3486,1143.4080000000001,1199.184,1143.4080000000001
48453042600,1464,447,584,433,45,829,284,328,217,1995,683.4499396863691,789.3365500603136,522.2135102533173
48453046100,2367,942,735,690,45,2367,942,735,690,3529,1404.443599493029,1095.8238276299114,1028.7325728770595
48453002446,460,156,220,84,45,460,156,220,84,705,239.08695652173913,337.17391304347825,128.7391304347826
48453002445,1536,145,332,1059,45,1536,145,332,1059,3695,348.81184895833337,798.6588541666667,2547.529296875
48453002442,1109,330,492,287,45,19,4,12,3,1612,339.36842105263156,1018.1052631578947,254.52631578947367
48453045900,424,93,116,215,45,424,93,116,215,5658,1241.0235849056605,1547.943396226415,2869.0330188679245
48453035600,493,188,108,197,45,493,188,108,197,998,380.5760649087221,218.6288032454361,398.7951318458418
48453035500,178,61,44,73,45,178,61,44,73,2112,723.7752808988764,522.0674157303371,866.1573033707865
48453002219,1057,101,367,589,45,1057,101,367,589,2717,259.6187322611164,943.3670766319773,1514.0141911069065
48453001923,1912,683,526,703,45,513,158,119,236,1732,533.4424951267056,401.7699805068226,796.7875243664716
48453033000,1074,267,319,488,45,1074,267,319,488,3512,873.0949720670391,1043.1359404096834,1595.7690875232774
48453036900,606,232,190,184,45,606,232,190,184,1432,548.2244224422443,448.97689768976903,434.79867986798683
48453001309,14020,2874,2684,8462,45,5040,993,655,3392,1358,267.55833333333334,176.48611111111111,913.9555555555556
48453036600,0,0,0,0,45,2328,606,705,1017,3612,940.2371134020619,1093.840206185567,1577.9226804123712
48453034000,3406,782,756,1868,45,3406,782,756,1868,2799,642.6359365825015,621.269524368761,1535.0945390487377
48453037400,231,53,72,106,45,231,53,72,106,1923,441.20779220779224,599.3766233766233,882.4155844155845
48453030200,13318,2988,3380,6950,45,6756,1094,1423,4239,2260,365.9621077560687,476.01835405565424,1418.019538188277
48453032200,8704,2087,2049,4568,45,1336,343,375,618,970,249.03443113772454,272.2679640718563,448.6976047904192
48453032300,8704,2087,2049,4568,45,7368,1744,1674,3950,2151,509.1400651465798,488.7043973941368,1153.1555374592833
48453030700,700,82,97,521,45,700,82,97,521,1726,202.18857142857144,239.1742857142857,1284.6371428571429
48453032000,13952,1457,2455,10040,45,4861,614,1305,2942,3138,396.3653569224439,842.4377700061716,1899.1968730713843
48453043500,2069,306,771,992,45,2069,306,771,992,3750,554.61575640406,1397.4142097631707,1797.9700338327693
48453042400,3632,297,443,2892,45,3632,297,443,2892,5732,468.7235682819383,699.1398678414097,4564.136563876652
48453040300,6344,1659,1999,2686,45,6344,1659,1999,2686,2086,545.5034678436318,657.3004413619167,883.1960907944515
48453043600,11530,1575,3160,6795,45,11530,1575,3160,6795,1948,266.0971379011275,533.8837814397225,1148.01908065915
48453031800,2371,719,834,818,45,1448,359,544,545,2508,621.8038674033149,942.232044198895,943.9640883977901
48453031700,2371,719,834,818,45,923,360,290,273,2297,895.9046587215602,721.7009750812567,679.3943661971831
48453031000,1545,388,477,680,45,568,167,177,224,2577,757.6742957746479,803.044014084507,1016.2816901408451
48453002323,3850,952,1031,1867,45,1921,492,450,979,1486,380.589276418532,348.0999479437793,757.3107756376887
48453002322,3210,702,1159,1349,45,3210,702,1159,1349,969,211.9121495327103,349.86635514018695,407.22149532710284
48453037300,386,83,129,174,45,386,83,129,174,1377,296.09067357512953,460.1891191709845,620.720207253886
48453030600,4414,832,1361,2221,45,4414,832,1361,2221,2683,505.72179429089266,827.268463978251,1350.0097417308564
48453002438,608,96,221,291,45,608,96,221,291,3607,569.5263157894736,1311.0970394736842,1726.376644736842
48453000608,30723,2590,5102,23031,45,921,417,227,277,669,302.90228013029315,164.88925081433226,201.20846905537462
48453000606,33959,3155,6024,24780,45,523,241,183,99,767,353.4359464627151,268.376673040153,145.18738049713195
48453000607,34053,3162,5932,24959,45,838,216,181,441,884,227.8568019093079,190.93556085918854,465.20763723150355
48453001101,109198,14384,16825,77989,45,47560,7502,8546,31512,975,153.79415475189234,175.1965937762826,646.0092514718251
48453001310,18392,4298,3867,10227,45,2951,749,947,1255,1950,494.9339207048458,625.7709251101322,829.295154185022
48453001102,142913,19088,23762,100063,45,19207,2515,2383,14309,1766,231.24329671473942,219.10647159889623,1315.6502316863644
48453033100,740,159,135,446,45,740,159,135,446,1879,403.7310810810811,342.7905405405405,1132.4783783783782
48453037000,4009,860,1279,1870,45,4009,860,1279,1870,2337,501.3270142180094,745.5781990521327,1090.0947867298578
48453033300,676,191,213,272,45,676,191,213,272,3982,1125.0917159763314,1254.6834319526627,1602.224852071006
48453030900,1545,388,477,680,45,977,221,300,456,3647,824.9611054247697,1119.85670419652,1702.1821903787104
48453037500,487,110,135,242,45,487,110,135,242,820,185.21560574948666,227.3100616016427,407.47433264887064
48453045000,34,11,13,10,45,34,11,13,10,1387,448.7352941176471,530.3235294117646,407.94117647058823
48453002221,70,8,23,39,45,70,8,23,39,835,95.42857142857143,274.35714285714283,465.2142857142857
48453046600,368,56,115,197,45,368,56,115,197,2600,395.6521739130435,812.5,1391.8478260869565
48453002218,230,51,81,98,45,230,51,81,98,2417,535.9434782608696,851.204347826087,1029.8521739130435
48453002006,3538,906,1144,1488,45,335,64,88,183,1406,268.6089552238806,369.3373134328358,768.0537313432835
48453002007,5711,1556,1554,2601,45,1167,341,409,417,1363,398.2716366752357,477.69237360754073,487.03598971722363
48453037600,531,161,166,204,45,531,161,166,204,1382,419.02448210922785,432.0376647834275,530.9378531073446
48453034800,1152,413,421,318,45,1152,413,421,318,2416,866.1527777777777,882.9305555555555,666.9166666666667
48453000605,5981,1329,1485,3167,45,2513,397,569,1547,917,144.86629526462394,207.62952646239555,564.5041782729805
48453036000,170,37,56,77,45,170,37,56,77,879,191.31176470588235,289.5529411764706,398.13529411764705
48453031500,2697,553,742,1402,45,2697,553,742,1402,3229,662.0826844642195,888.3641082684464,1678.5532072673338
48453034900,759,212,195,352,45,759,212,195,352,3199,893.528326745718,821.8774703557312,1483.5942028985507
48453031200,2157,632,640,885,45,2157,632,640,885,3151,923.2415391747799,934.9281409364859,1292.8303198887345
48453045400,25692,3959,4435,17298,45,25692,3959,4435,17298,3755,578.625447610151,648.1949634127355,2528.1795889771133
48453045300,11161,1360,2157,7644,45,10736,1221,2008,7507,2380,270.67622950819674,445.14157973174366,1664.1821907600595
48453040400,16317,3960,4327,8030,45,6562,1894,1957,2711,2198,634.4120694910089,655.5144772935081,908.0734532154831
48453001920,5472,561,791,4120,45,5472,561,791,4120,2947,302.13212719298247,426.00091374269005,2218.8669590643276
48453002324,2867,715,866,1286,45,140,80,34,26,763,436,185.3,141.70000000000002
48453041200,1693,357,546,790,45,1693,357,546,790,1376,290.1547548730065,443.76609568812756,642.0791494388659
48453045800,167,58,66,43,45,167,58,66,43,1291,448.37125748502996,510.21556886227546,332.4131736526946
48453002217,3271,469,988,1814,45,3271,469,988,1814,2636,377.9529195964537,796.1993274228064,1461.8477529807396
48453044700,213,32,63,118,45,213,32,63,118,909,136.56338028169014,268.85915492957747,503.5774647887324
48453002450,410,134,177,99,45,410,134,177,99,1304,426.18536585365854,562.9463414634147,314.86829268292684
48453044800,841,163,261,417,45,841,163,261,417,1916,371.35315101070154,594.6206896551724,950.0261593341261
48453036500,1483,336,484,663,45,1483,336,484,663,3137,710.7430883344572,1023.8084962913015,1402.4484153742414
48453002220,813,79,247,487,45,813,79,247,487,1252,121.65805658056581,380.3739237392374,749.9680196801968
48453040500,13134,3533,3960,5641,45,2999,972,947,1080,2253,730.215405135045,711.434144714905,811.35045015005
48453031100,899,213,249,437,45,899,213,249,437,1805,427.65850945495,499.9388209121246,877.4026696329255
48453031400,1050,187,295,568,45,1050,187,295,568,1781,317.187619047619,500.37619047619046,963.4361904761905
48453035700,529,161,232,136,45,529,161,232,136,2199,669.2608695652175,964.4007561436673,565.3383742911153
48453040800,7802,903,1984,4915,45,5257,432,1312,3513,2130,175.03519117367318,531.5883583793037,1423.376450447023
48453040100,6406,1849,2279,2278,45,1679,515,662,502,1629,499.6634901727218,642.2858844550327,487.0506253722454
48453041800,13067,1649,2619,8799,45,425,139,149,137,1720,562.5411764705883,603.0117647058823,554.4470588235293
48453041700,7588,860,1923,4805,45,1128,153,188,787,1145,155.30585106382978,190.83333333333331,798.8608156028369
48453002443,2539,929,883,727,45,1542,603,482,457,2335,913.1031128404669,729.8767833981842,692.0201037613489
48453034700,776,304,243,229,45,776,304,243,229,2767,1083.979381443299,866.4703608247422,816.5502577319588
48453037200,308,113,110,85,45,308,113,110,85,3150,1155.681818181818,1125,869.3181818181819
48453002444,3686,1169,1271,1246,45,997,326,401,270,2060,673.5807422266801,828.5456369107321,557.8736208625878
48453033600,2612,687,791,1134,45,2612,687,791,1134,1879,494.2086523736601,569.0233537519142,815.7679938744258
48453040900,8750,1486,2546,4718,45,1417,318,484,615,2283,512.3458009880029,779.7967537050106,990.8574453069866
48453040600,6348,1524,2180,2644,45,682,189,307,186,1214,336.4310850439882,546.4780058651027,331.09090909090907
48453033400,955,423,288,244,45,518,295,123,100,1591,906.0714285714286,377.7857142857143,307.14285714285717
48453001922,1863,400,457,1006,45,1863,400,457,1006,1202,258.0783682232958,294.85453569511543,649.0670960815888
48453001103,82852,13226,12880,56746,45,15192,3021,1729,10442,1613,320.7525671406003,183.57536861506057,1108.672064244339
48453035100,729,204,234,291,45,729,204,234,291,1593,445.77777777777777,511.3333333333333,635.8888888888889
48453030300,3563,927,1196,1440,45,2527,625,899,1003,1872,462.9996042738425,665.9786307874951,743.0217649386625
48453030400,1195,326,357,512,45,1195,326,357,512,2357,642.9974895397489,704.1414225941423,1009.8610878661087
48453034300,516,94,186,236,45,516,94,186,236,2071,377.2751937984496,746.5232558139535,947.2015503875969
48453034400,1075,194,338,543,45,1075,194,338,543,1531,276.2920930232558,481.3748837209302,773.3330232558139
48453033700,620,129,215,276,45,296,70,98,128,1192,281.8918918918919,394.64864864864865,515.4594594594595
48453032700,303,94,84,125,45,303,94,84,125,2026,628.5280528052805,561.6633663366337,835.8085808580857
48453032900,6525,706,994,4825,45,6525,706,994,4825,2682,290.1903448275862,408.56827586206896,1983.2413793103449
48453002451,615,111,143,361,45,615,111,143,361,3437,620.3365853658537,799.1723577235772,2017.4910569105693
48453037100,168,48,51,69,45,168,48,51,69,1273,363.7142857142857,386.44642857142856,522.8392857142857
48453036300,0,0,0,0,45,92,15,20,57,699,113.96739130434783,151.95652173913044,433.07608695652175
48453044300,474,85,131,258,45,361,42,90,229,2937,341.7008310249307,732.2160664819945,1863.0831024930749
48453001921,1100,399,376,325,45,1100,399,376,325,1238,449.05636363636364,423.17090909090905,365.7727272727273
48453043400,4404,878,1592,1934,45,4172,808,1496,1868,1465,283.7296260786194,525.3211888782358,655.9491850431448
48453002437,3371,1203,1310,858,45,3371,1203,1310,858,2164,772.2610501334915,840.9492732126965,550.789676653812
48453002441,1080,318,479,283,45,1061,314,467,280,2032,601.3647502356268,894.3864278982091,536.248821866164
48453035000,4334,291,521,3522,45,4334,291,521,3522,3043,204.3177203507153,365.8059529303184,2472.8763267189665
48453002216,393,60,148,185,45,393,60,148,185,4740,723.6641221374045,1785.038167938931,2231.297709923664
48453002448,8036,1154,2235,4647,45,8036,1154,2235,4647,3586,514.9631657541065,997.3506719761075,2073.686162269786
48453044200,1690,429,420,841,45,1690,429,420,841,2545,646.0384615384615,632.4852071005917,1266.4763313609467
48453000309,5350,1265,1577,2508,45,3439,768,988,1683,2750,614.1320151206746,790.0552486187845,1345.8127362605408
48453032600,1462,149,253,1060,45,1462,149,253,1060,2639,268.9541723666211,456.68057455540355,1913.3652530779752
48453002214,3687,449,440,2798,45,3687,449,440,2798,1098,133.71358828315704,131.03336045565501,833.2530512611879
48453002320,2413,282,700,1431,45,1886,213,471,1202,1476,166.69565217391303,368.60869565217394,940.695652173913
48453002327,1004,643,191,170,45,71,15,22,34,1398,295.3521126760563,433.18309859154925,669.4647887323944
48453002325,1531,712,420,399,45,933,628,169,136,1627,1095.1296891747052,294.70846730975353,237.16184351554128
48453043200,7963,2424,2728,2811,45,1046,173,363,510,965,159.60325047801146,334.8900573613767,470.50669216061186
48453033200,1165,219,326,620,45,1165,219,326,620,2678,503.418025751073,749.3802575107295,1425.2017167381973
48453035900,152,26,44,82,45,152,26,44,82,1289,220.48684210526315,373.13157894736844,695.3815789473684
48453036200,19,0,3,16,45,19,0,3,16,1331,0,210.15789473684208,1120.842105263158
48453043300,4404,878,1592,1934,45,232,70,96,66,1208,364.48275862068965,499.8620689655172,343.65517241379314
48453036100,314,64,90,160,45,314,64,90,160,2369,482.8535031847134,679.0127388535032,1207.1337579617834
48453034100,1940,421,585,934,45,1940,421,585,934,3079,668.1747422680412,928.4613402061855,1482.3639175257733
48453002452,138,46,51,41,45,138,46,51,41,871,290.3333333333333,321.89130434782606,258.77536231884056
48453046700,391,59,114,218,45,391,59,114,218,1859,280.51406649616365,542.0102301790282,1036.4757033248084
48453002222,22,11,8,3,45,22,11,8,3,1434,717,521.4545454545455,195.54545454545453
48453000308,5470,1277,1633,2560,45,1355,324,404,627,1342,320.89151291512917,400.1239852398524,620.9845018450185
48453034600,3213,465,538,2210,45,3213,465,538,2210,2053,297.11951447245565,343.7640834111422,1412.116402116402
48453002321,3346,910,869,1567,45,527,69,229,229,1784,233.57874762808348,775.2106261859582,775.2106261859582
48453002215,213,66,45,102,45,213,66,45,102,1731,536.3661971830985,365.70422535211264,828.9295774647887
48453046900,378,79,172,127,45,378,79,172,127,4217,881.3306878306878,1918.8465608465608,1416.8227513227514
48453002326,1356,456,544,356,45,24,13,5,6,492,266.5,102.5,123
48453000402,29789,3314,7590,18885,45,1455,406,357,692,1771,494.17594501718213,434.53402061855667,842.2900343642611
48453000500,31664,3810,8429,19425,45,723,168,353,202,1721,399.90041493775936,840.2669432918395,480.8326417704011
48453000601,58482,5252,12373,40857,45,1202,370,344,488,1073,330.2911813643927,307.08153078203,435.62728785357734
48453000801,1442,315,460,667,45,1095,235,383,477,963,206.6712328767123,336.8301369863014,419.49863013698626
48453000802,1906,408,593,905,45,347,80,77,190,1457,335.90778097982707,323.31123919308357,797.7809798270893
48453000803,30578,3524,7742,19312,45,742,241,130,371,1729,561.5754716981132,302.92452830188677,864.5
48453000804,2434,704,544,1186,45,464,93,133,238,1210,242.52155172413794,346.8318965517241,620.646551724138
48453000901,11852,2885,2984,5983,45,881,290,204,387,1458,479.9318955732123,337.6072644721907,640.4608399545971
48453001603,4620,872,1121,2627,45,1290,300,291,699,1873,435.5813953488372,422.51395348837207,1014.9046511627906
48453001605,5458,1088,1302,3068,45,817,175,261,381,1792,383.843329253366,572.4749082007344,835.6817625458996
48453001606,83,6,7,70,45,83,6,7,70,122,8.819277108433734,10.289156626506024,102.89156626506025
48453002307,6536,924,2713,2899,45,6536,924,2713,2899,2785,393.717870257038,1156.0136168910649,1235.2685128518972
48453002003,4166,821,1126,2219,45,3130,519,829,1782,1846,306.09392971246007,488.9246006389776,1050.9814696485623
48453000101,6079,1190,2058,2831,45,4040,685,1393,1962,2060,349.2821782178218,710.2920792079208,1000.4257425742574
48453002313,1884,256,447,1181,45,1884,256,447,1181,1877,255.0488322717622,445.3391719745223,1176.6119957537155
48453000700,97490,12607,16031,68852,45,27239,1346,4167,21726,739,36.51727302764419,113.05161716656265,589.4311098057932
48453001604,654,102,169,383,45,654,102,169,383,1548,241.43119266055047,400.0183486238532,906.5504587155963
48453001910,12467,2871,3241,6355,45,8626,1801,2290,4535,1922,401.2893577556225,510.2457686065384,1010.4648736378391
48453002407,959,154,335,470,45,959,154,335,470,4600,738.6861313868613,1606.8821689259646,2254.4316996871744
48453002315,3008,900,1033,1075,45,211,75,82,54,1340,476.30331753554503,520.7582938388625,342.9383886255924
48453001308,4850,1151,1381,2318,45,1929,460,581,888,1708,407.2991187143598,514.4364955935717,786.2643856920685
48453001911,9184,555,919,7710,45,9184,555,919,7710,1684,101.7661149825784,168.51001742160278,1413.7238675958188
48453002110,785,140,291,354,45,785,140,291,354,1957,349.0191082802547,725.4611464968152,882.5197452229299
48453002111,3645,533,1051,2061,45,3645,533,1051,2061,2329,340.56433470507545,671.5443072702333,1316.8913580246913
48453002105,2755,934,987,834,45,2431,837,865,729,1813,624.2208967503085,645.1028383381324,543.676264911559
48453002106,2941,669,953,1319,45,422,115,124,183,1501,409.04028436018956,441.0521327014218,650.9075829383886
48453002107,2031,509,645,877,45,254,70,117,67,1900,523.6220472440945,875.1968503937009,501.1811023622047
48453002109,503,127,167,209,45,503,127,167,209,2029,512.2922465208748,673.6441351888668,843.0636182902584
48453000204,31376,3125,8468,19783,45,15173,2178,3658,9337,1660,238.28379358070256,400.2029921571212,1021.5132142621761
48453001403,4887,519,1047,3321,45,842,148,189,505,844,148.3515439429929,189.44893111638956,506.19952494061755
48453002108,746,161,209,376,45,746,161,209,376,1983,427.96648793565686,555.558981233244,999.4745308310992
48453001913,844,145,133,566,45,844,145,133,566,1833,314.9111374407583,288.8495260663507,1229.239336492891
48453000902,10646,2551,2721,5374,45,8872,2073,2295,4504,4084,954.2529305680794,1056.4449954914337,2073.302073940487
48453001000,25838,5572,4450,15816,45,893,188,222,483,1698,357.4736842105263,422.1231802911534,918.4031354983204
48453001200,48292,6612,8645,33035,45,29085,4097,6262,18726,2938,413.8554581399347,632.5513494928657,1891.5931923671994
48453001304,15442,4190,3720,7532,45,1399,525,407,467,1984,744.5318084345962,577.1894210150107,662.2787705503931
48453001307,3264,723,1019,1522,45,1000,199,350,451,2012,400.38800000000003,704.1999999999999,907.412
48453001401,18354,3018,3295,12041,45,6001,845,850,4306,1518,213.74937510414932,215.014164305949,1089.2364605899018
48453000102,1479,235,359,885,45,1479,235,359,885,1002,159.20892494929006,243.21703853955376,599.5740365111562
48453002104,7935,1920,2793,3222,45,324,97,122,105,1466,438.89506172839504,552.0123456790124,475.0925925925926
48453000203,34462,3369,9059,22034,45,16203,947,4810,10446,931,54.413195087329505,276.3753625871752,600.2114423254953
48453000302,4567,1223,1571,1773,45,2180,537,631,1012,2523,621.4912844036697,730.2811926605503,1171.22752293578
48453000401,31158,3679,8102,19377,45,27036,2494,6918,17624,1895,174.80877348720225,484.8945849977807,1235.296641515017
48453001503,15522,3127,4028,8367,45,15522,3127,4028,8367,2575,518.7491946914057,668.2193016363871,1388.0315036722072
48453001402,16970,3205,3448,10317,45,3351,142,587,2622,1178,49.91823336317517,206.3521336914354,921.7296329453894
48453001504,4516,1274,1352,1890,45,2465,711,668,1086,3472,1001.4572008113589,940.8908722109534,1529.6519269776877
48453001505,7563,2870,2180,2513,45,2051,563,684,804,2589,710.6811311555339,863.4207703559239,1014.8980984885421
48453001501,4073,1233,1330,1510,45,2022,670,646,706,2389,791.6073194856577,763.2512363996044,834.1414441147379
48453001602,2520,383,300,1837,45,2520,383,300,1837,1489,226.30436507936506,177.26190476190476,1085.4337301587302
48453002002,7028,1510,2113,3405,45,1036,302,297,437,1686,491.47876447876445,483.3416988416988,711.1795366795367
48453002004,3977,967,1059,1951,45,2810,626,650,1534,1830,407.6797153024911,423.3096085409253,999.0106761565836
48453001916,2462,445,656,1361,45,2462,445,656,1361,1532,276.9049553208774,408.2014622258327,846.8935824532899
48453001918,6768,1174,1656,3938,45,6768,1174,1656,3938,979,169.82062647754137,239.54255319148936,569.6368203309693
48453001914,1047,200,212,635,45,1047,200,212,635,3215,614.1356255969437,650.9837631327603,1949.880611270296
48453002430,48,16,25,7,45,29,12,13,4,945,391.0344827586207,423.62068965517244,130.3448275862069
48453000304,6930,1299,1809,3822,45,1108,345,402,361,1629,507.22472924187724,591.0270758122743,530.7481949458485
48453002319,115,12,56,47,45,115,12,56,47,341,35.58260869565217,166.05217391304348,139.36521739130436
48453001917,6946,448,857,5641,45,6946,448,857,5641,2055,132.542470486611,253.5466455513965,1668.9108839619926
48453000206,5086,2101,1493,1492,45,2039,505,665,869,1662,411.62824914173615,542.0451201569397,708.3266307013242
48453000305,20397,1536,5803,13058,45,3086,244,591,2251,2009,158.84510693454308,384.74368114063515,1465.4112119248218
48453000205,7137,2664,2177,2296,45,3047,1596,828,623,2453,1284.8664259927798,666.5848375451264,501.5487364620938
48453000307,3995,941,1173,1881,45,556,173,185,198,940,292.48201438848923,312.76978417266184,334.7482014388489
48453001919,12467,2871,3241,6355,45,3841,1070,951,1820,1449,403.65269461077844,358.76047904191614,686.5868263473054
